{"0": 4.199570894241333, "1": 2.181913137435913, "2": 3.629534959793091}