{"0": 5.744212865829468, "1": 7.3065173625946045, "2": 1.9172279834747314, "3": 11.552485466003418, "4": 19.210641384124756, "5": 27.960030555725098, "6": 19.575653076171875, "7": 1.861710548400879, "8": 9.063159465789795, "9": 6.508844614028931, "10": 9.284047842025757, "11": 9.26793909072876, "12": 3.8121936321258545, "13": 5.4279563426971436, "14": 14.352474689483643, "15": 1.6850214004516602, "16": 8.909684419631958, "17": 1.0821497440338135, "18": 9.115809917449951, "19": 1.7415707111358643, "20": 6.252138614654541, "21": 1.6954412460327148, "22": 8.8957359790802}