{"0": 3.3569562435150146, "1": 0.6746680736541748, "2": 1.932924509048462, "3": 3.3493804931640625, "4": 2.550116539001465, "5": 0.6466329097747803, "6": 1.4945664405822754, "7": 3.3576204776763916, "8": 2.4998936653137207, "9": 0.6411137580871582, "10": 1.4826395511627197, "11": 0.633465051651001, "12": 1.5991597175598145, "13": 0.6526896953582764, "14": 1.4409196376800537, "15": 3.388705253601074, "16": 3.4992713928222656, "17": 0.6778104305267334, "18": 1.5307717323303223, "19": 0.616065263748169, "20": 2.4825632572174072, "21": 3.3501648902893066, "22": 1.5495941638946533, "23": 0.603569507598877, "24": 2.4291179180145264, "25": 3.404181957244873, "26": 1.607004165649414, "27": 0.5833358764648438, "28": 1.529043197631836, "29": 0.6587314605712891, "30": 1.9555153846740723, "31": 3.3425824642181396, "32": 3.4910359382629395, "33": 0.6835386753082275, "34": 1.5406100749969482, "35": 0.6009001731872559, "36": 2.429093837738037, "37": 3.419473648071289, "38": 1.576970100402832, "39": 0.5975265502929688, "40": 2.4110875129699707, "41": 3.4169633388519287, "42": 1.9307708740234375, "43": 0.6449859142303467, "44": 3.521900177001953}