{"0": 4.349154233932495, "1": 2.166667938232422, "2": 3.6326851844787598, "3": 57.96189546585083, "4": 0.34396862983703613, "5": 1.5274791717529297, "6": 5.090280294418335, "7": 2.2654225826263428, "8": 0.5336768627166748, "9": 2.031406879425049, "10": 4.364144563674927, "11": 2.032660722732544, "12": 0.5501358509063721, "13": 2.0512752532958984, "14": 4.3319761753082275, "15": 2.8160409927368164, "16": 5.1187756061553955, "17": 1.9028563499450684, "18": 0.47570109367370605, "19": 1.9861836433410645, "20": 4.3486504554748535, "21": 2.513706684112549, "22": 14.681358337402344}