{"0": 5.202008485794067, "1": 5.267484426498413}